Moogle Test question 1,Answer A1,Answer B1,Answer C1,Answer D1,A,author 1
moogle test question 2,Answer A2,Answer B2,Answer C2,Answer D2,B,author 2
moogle test question3,Answer A3,Answer B3,Answer C3,Answer D3,C,author 3
moogle test question 4,Answer A4,Answer B4,Answer C4,Answer D4,D,author 4
moogle test question 5,Answer A5,Answer B5,Answer C5,Answer D5,A,author 5
moogle test question 6,Answer A6,Answer B6,Answer C6,Answer D6,B,author 6
Moogle test question 7,Answer A7,Answer B7,Answer C7,Answer D7,C,author 7
Moogle Test question 8,Answer A8,Answer B8,Answer C8,Answer D8,D,author 8
Moogle Test question 9,Answer A9,Answer B9,Answer C9,Answer D9,A,author 9
Moogle Test question 10,Answer A10,Answer B10,Answer C10,Answer D10,B,author 10
Chocobo test question 1,Answer A11,Answer B11,Answer C11,Answer D11,C,author 11
Chocobo test question 2,Answer A12,Answer B12,Answer C12,Answer D12,D,author 12
Chocobo test question 3,Answer A13,Answer B13,Answer C13,Answer D13,A,author 13
Chocobo test question 4,Answer A14,Answer B14,Answer C14,Answer D14,B,author 14
Chocobo test question 5,Answer A15,Answer B15,Answer C15,Answer D15,C,author 15
Chocobo test question 6,Answer A16,Answer B16,Answer C16,Answer D16,D,author 16
Chocobo test question 7,Answer A17,Answer B17,Answer C17,Answer D17,A,author 17
Chocobo test question 8,Answer A18,Answer B18,Answer C18,Answer D18,B,author 18
Chocobo test question 9,Answer A19,Answer B19,Answer C19,Answer D19,C,author 19
Chocobo test question 10,Answer A20,Answer B20,Answer C20,Answer D20,D,author 20
Voidsent test question 1,Answer A21,Answer B21,Answer C21,Answer D21,A,author 21
Voidsent test question 2,Answer A22,Answer B22,Answer C22,Answer D22,B,author 22
Voidsent test question 3,Answer A23,Answer B23,Answer C23,Answer D23,C,author 23
Voidsent test question 4,Answer A24,Answer B24,Answer C24,Answer D24,D,author 24
Voidsent test question 5,Answer A25,Answer B25,Answer C25,Answer D25,A,author 25
Voidsent test question 6,Answer A26,Answer B26,Answer C26,Answer D26,B,author 26
Voidsent test question 7,Answer A27,Answer B27,Answer C27,Answer D27,C,author 27
Voidsent test question 8,Answer A28,Answer B28,Answer C28,Answer D28,D,author 28
Voidsent test question 9,Answer A29,Answer B29,Answer C29,Answer D29,A,author 29
Voidsent test question 10,Answer A30,Answer B30,Answer C30,Answer D30,B,author 30
Primal test question 1,Answer A31,Answer B31,Answer C31,Answer D31,C,author 31
Primal test question 2,Answer A32,Answer B32,Answer C32,Answer D32,D,author 32
Primal test question 3,Answer A33,Answer B33,Answer C33,Answer D33,A,author 33
Primal test question 4,Answer A34,Answer B34,Answer C34,Answer D34,B,author 34
Primal test question 5,Answer A35,Answer B35,Answer C35,Answer D35,C,author 35
Primal test question 6,Answer A36,Answer B36,Answer C36,Answer D36,D,author 36
Primal test question 7,Answer A37,Answer B37,Answer C37,Answer D37,A,author 37
Primal test question 8,Answer A38,Answer B38,Answer C38,Answer D38,B,author 38
Primal test question 9,Answer A39,Answer B39,Answer C39,Answer D39,C,author 39
Primal test question 10,Answer A40,Answer B40,Answer C40,Answer D40,D,author 40
Omega test question 1,Answer A41,Answer B41,Answer C41,Answer D41,A,author 41
Omega test question 2,Answer A42,Answer B42,Answer C42,Answer D42,B,author 42
Omega test question 3,Answer A43,Answer B43,Answer C43,Answer D43,C,author 43
Omega test question 4,Answer A44,Answer B44,Answer C44,Answer D44,D,author 44
Omega test question 5,Answer A45,Answer B45,Answer C45,Answer D45,A,author 45
Omega test question 6,Answer A46,Answer B46,Answer C46,Answer D46,B,author 46
Omega test question 7,Answer A47,Answer B47,Answer C47,Answer D47,C,author 47
Omega test question 8,Answer A48,Answer B48,Answer C48,Answer D48,D,author 48
Omega test question 9,Answer A49,Answer B49,Answer C49,Answer D49,A,author 49
Omega test question 10,Answer A50,Answer B50,Answer C50,Answer D50,B,author 50
